City_ID,City,Lat,Lng,Max Temp,Humidity,Cloudiness,Wind Speed,Country,Date
0,udachny,66.4167,112.4,20.25,59,83,1.24,RU,1690135837
1,mo i rana,66.3128,14.1428,15.18,89,75,2.24,NO,1690135837
2,adamstown,-25.066,-130.1015,20.5,71,9,8.54,PN,1690135837
3,whitehorse,60.7161,-135.0538,23.29,46,3,2.15,CA,1690135714
4,port-aux-francais,-49.35,70.2167,6.25,82,81,17.69,TF,1690135837
5,gadzhiyevo,69.2551,33.3362,9.05,86,100,6.31,RU,1690135838
6,edinburgh of the seven seas,-37.0676,-12.3116,13.68,78,64,10.84,SH,1690135838
7,konarka,19.9,86.1167,27.22,81,34,4.42,IN,1690135838
8,vorkuta,67.5,64.0,14.76,98,100,2.52,RU,1690135838
9,blackmans bay,-43.0167,147.3167,9.18,78,92,1.89,AU,1690135838
10,shahr-e kord,32.3256,50.8644,27.95,16,87,4.11,IR,1690135838
11,tofol,5.3248,163.0078,28.6,77,81,5.09,FM,1690135839
12,iqaluit,63.7506,-68.5145,9.83,71,71,5.36,CA,1690135839
13,puerto el triunfo,13.2833,-88.55,32.36,59,80,4.93,SV,1690135839
14,thompson,55.7435,-97.8558,21.34,36,4,3.32,CA,1690135611
15,bethel,41.3712,-73.414,30.59,47,0,4.12,US,1690135839
16,port mathurin,-19.6833,63.4167,22.93,75,24,9.31,MU,1690135840
17,yellowknife,62.456,-114.3525,20.31,60,18,4.02,CA,1690135840
18,tionk essil,12.7856,-16.5217,29.95,65,95,5.19,SN,1690135840
19,kirensk,57.7853,108.1119,16.98,78,79,0.76,RU,1690135840
20,karratha,-20.7377,116.8463,16.88,30,0,8.86,AU,1690135840
21,jiuquan,39.7432,98.5174,27.79,16,25,1.29,CN,1690135840
22,st. john's,47.5649,-52.7093,19.4,84,88,4.55,CA,1690135792
23,lihue,21.9789,-159.3672,25.77,90,100,4.12,US,1690135841
24,martapura,-3.4167,114.85,25.05,100,51,0.51,ID,1690135841
25,motca,47.25,26.6167,19.74,55,65,1.31,RO,1690135841
26,whakatane,-37.9585,176.9854,7.8,77,54,1.25,NZ,1690135841
27,vorgashor,67.5833,63.95,14.81,98,100,2.22,RU,1690135841
28,turpan,42.9333,89.1667,38.13,13,89,2.21,CN,1690135842
29,la passe,45.5549,-0.8967,24.13,73,100,3.68,FR,1690135842
30,margaret river,-33.95,115.0667,9.76,78,0,3.74,AU,1690135842
31,haiku-pauwela,20.9219,-156.3051,26.69,84,75,8.23,US,1690135842
32,susuman,62.7833,148.1667,7.72,93,67,1.08,RU,1690135842
33,grytviken,-54.2811,-36.5092,-6.7,73,15,4.67,GS,1690135842
34,wailua homesteads,22.0669,-159.378,25.44,92,100,4.12,US,1690135843
35,bathsheba,13.2167,-59.5167,29.24,72,100,7.07,BB,1690135843
36,labytnangi,66.6572,66.4183,15.15,94,76,2.08,RU,1690135843
37,ankazoabo,-22.2833,44.5167,19.16,50,11,2.57,MG,1690135843
38,puerto deseado,-47.7503,-65.8938,3.54,63,26,7.91,AR,1690135843
39,longyearbyen,78.2186,15.6401,11.91,62,40,5.66,SJ,1690135843
40,hawaiian paradise park,19.5933,-154.9731,23.83,99,100,3.09,US,1690135843
41,boyolangu,-8.1181,111.8935,21.73,95,92,0.76,ID,1690135844
42,kuanda,56.3161,116.0806,16.8,75,99,1.45,RU,1690135844
43,badger,64.8,-147.5333,25.07,60,0,0.0,US,1690135844
44,carnarvon,-24.8667,113.6333,16.16,29,0,6.42,AU,1690135844
45,la mira,18.035,-102.3266,33.55,49,41,2.98,MX,1690135844
46,pisco,-13.7,-76.2167,22.03,68,100,3.09,PE,1690135844
47,sitka,57.0531,-135.33,13.94,88,100,2.57,US,1690135845
48,nar'yan-mar,67.6713,53.087,16.48,87,99,2.56,RU,1690135845
49,waat,51.1454,6.4958,22.32,75,20,5.14,DE,1690135845
50,hithadhoo,-0.6,73.0833,28.39,76,36,4.8,MV,1690135845
51,albany,42.6001,-73.9662,29.74,49,5,1.34,US,1690135845
52,puerto natales,-51.7236,-72.4875,1.67,79,11,1.12,CL,1690135845
53,jamestown,42.097,-79.2353,25.95,53,75,2.57,US,1690135841
54,mezhdurechensk,53.6942,88.0603,15.05,98,99,0.57,RU,1690135846
55,kavalerovo,44.2661,135.0572,20.24,100,100,0.93,RU,1690135846
56,damara,4.9608,18.7035,25.6,80,95,0.66,CF,1690135846
57,petropavlovsk-kamchatsky,53.0452,158.6483,14.88,77,45,6.54,RU,1690135846
58,nabire,-3.3667,135.4833,23.5,91,85,2.67,ID,1690135846
59,vanimo,-2.6741,141.3028,25.38,91,100,3.39,PG,1690135846
60,susanville,40.4163,-120.653,31.73,27,0,2.06,US,1690135847
61,aasiaat,68.7098,-52.8699,3.5,98,100,3.0,GL,1690135847
62,atafu village,-8.5421,-172.5159,28.3,78,4,6.53,TK,1690135847
63,west island,-12.1568,96.8225,24.99,83,95,6.17,CC,1690135847
64,kandhkot,28.244,69.1824,36.19,46,69,4.19,PK,1690135847
65,cabo san lucas,22.8909,-109.9124,34.78,74,20,5.66,MX,1690135776
66,kale,50.9581,1.8521,20.0,85,100,9.05,FR,1690135848
67,papatowai,-46.5619,169.4708,8.82,96,100,1.54,NZ,1690135848
68,vadso,70.0744,29.7487,9.09,81,100,6.69,NO,1690135848
69,cassilandia,-19.1133,-51.7342,31.85,23,0,1.97,BR,1690135848
70,boa vista,2.8197,-60.6733,24.99,88,75,2.57,BR,1690135848
71,novyy urgal,51.0736,132.5642,16.86,98,100,0.45,RU,1690135848
72,avarua,-21.2078,-159.775,25.03,100,75,4.63,CK,1690135849
73,mount isa,-20.7333,139.5,9.87,50,0,5.14,AU,1690135849
74,college,64.8569,-147.8028,25.11,61,40,0.0,US,1690135849
75,rikaze,29.25,88.8833,16.54,47,99,2.46,CN,1690135849
76,atar,20.5169,-13.0499,38.17,28,19,5.13,MR,1690135849
77,hermanus,-34.4187,19.2345,9.89,77,53,4.03,ZA,1690135849
78,vilhena,-12.7406,-60.1458,32.67,17,0,1.99,BR,1690135794
79,ushuaia,-54.8,-68.3,0.77,75,68,0.92,AR,1690135850
80,ballina,-28.8667,153.5667,10.99,68,83,5.85,AU,1690135850
81,puerto ayora,-0.7393,-90.3518,29.98,70,64,5.26,EC,1690135850
82,kaa-khem,51.6833,94.7333,16.64,63,75,1.42,RU,1690135850
83,valparaiso,-33.0393,-71.6273,16.13,59,0,3.09,CL,1690135738
84,yambio,4.5721,28.3955,24.64,67,62,1.52,SS,1690135850
85,kodiak,57.79,-152.4072,11.73,87,0,2.06,US,1690135851
86,chongwe,-15.3292,28.682,17.32,51,0,1.96,ZM,1690135851
87,tayzhina,53.6679,87.4362,14.81,98,93,0.8,RU,1690135851
88,mil'kovo,55.6078,37.7956,17.73,93,63,3.48,RU,1690135851
89,port elizabeth,-33.918,25.5701,13.16,76,0,6.69,ZA,1690135851
90,georgetown,5.4112,100.3354,27.96,89,20,0.0,MY,1690135673
91,mayya,61.7333,130.2811,15.62,82,67,1.15,RU,1690135851
92,tiksi,71.6872,128.8694,4.6,73,95,2.12,RU,1690135852
93,lebu,-37.6167,-73.65,10.34,79,100,3.62,CL,1690135852
94,puerto wilches,7.3483,-73.896,35.82,44,92,0.7,CO,1690135852
95,gadani,25.1185,66.7299,28.12,87,100,5.85,PK,1690135852
96,fort bragg,35.139,-79.006,33.28,54,75,2.57,US,1690135852
97,yinchuan,38.4681,106.2731,25.93,35,42,5.17,CN,1690135852
98,saint croix,17.7397,-64.7388,31.25,58,40,6.17,VI,1690135853
99,cockburn town,21.4612,-71.1419,28.26,78,67,5.41,TC,1690135853
100,isafjordur,66.0755,-23.124,10.02,93,100,0.0,IS,1690135853
101,gunnedah,-30.9833,150.25,7.18,95,5,3.15,AU,1690135853
102,qobustan,40.0824,49.412,28.1,60,1,2.09,AZ,1690135853
103,tommot,58.9564,126.2925,15.83,92,49,0.61,RU,1690135853
104,aktau,43.65,51.2,33.32,49,43,2.75,KZ,1690135853
105,ambon,-3.6954,128.1814,27.91,100,75,4.12,ID,1690135854
106,flying fish cove,-10.4217,105.6791,23.82,88,100,5.14,CX,1690135854
107,sarupathar,26.1984,93.8094,25.27,97,72,0.52,IN,1690135854
108,chonchi,-42.6128,-73.8092,8.4,71,86,1.43,CL,1690135855
109,toliara,-23.35,43.6667,19.88,85,0,2.6,MG,1690135855
110,pratt,37.6439,-98.7376,32.59,51,0,4.12,US,1690135655
111,mahibadhoo,3.7833,72.9667,28.58,74,48,3.07,MV,1690135856
112,laojunmiao,39.8333,97.7333,24.56,21,18,2.74,CN,1690135856
113,waitangi,-43.9535,-176.5597,11.57,97,100,1.79,NZ,1690135856
114,zhanjiang,21.2815,110.3427,26.0,83,97,3.12,CN,1690135856
115,colonia,50.9333,6.95,22.36,68,100,5.66,DE,1690135617
116,lompoc,34.6391,-120.4579,30.56,79,75,2.06,US,1690135857
117,olenegorsk,68.15,33.3,9.39,88,100,3.4,RU,1690135857
118,remire-montjoly,4.9167,-52.2667,32.02,70,40,4.63,GF,1690135858
119,ebon,4.582,168.6964,28.28,79,80,7.18,MH,1690135858
120,klaksvik,62.2266,-6.589,8.51,82,100,6.96,FO,1690135858
121,bredasdorp,-34.5322,20.0403,8.66,87,50,3.02,ZA,1690135858
122,bikenibeu village,1.3673,173.1241,26.98,89,40,2.06,KI,1690135859
123,mount gambier,-37.8333,140.7667,10.46,84,89,1.46,AU,1690135808
124,vila franca do campo,37.7167,-25.4333,24.23,76,44,3.81,PT,1690135582
125,vuktyl,63.8567,57.3094,17.28,63,64,2.6,RU,1690135859
126,barabai,-2.5833,115.3833,23.09,92,57,0.93,ID,1690135859
127,papao,-17.75,-149.55,23.82,71,93,4.71,PF,1690135860
128,fale old settlement,-9.3852,-171.2468,28.03,78,7,5.57,TK,1690135860
129,plastun,44.7561,136.2939,19.12,100,100,0.12,RU,1690135860
130,galliano,29.4422,-90.2992,32.78,66,40,2.06,US,1690135860
131,tarinkot,32.6268,65.8733,30.8,18,41,1.94,AF,1690135860
132,birjand,32.8663,59.2211,24.17,23,0,9.57,IR,1690135861
133,igbo-ora,7.4333,3.2833,23.07,95,82,3.77,NG,1690135861
134,bilmak,47.3624,36.6511,22.99,45,78,5.12,UA,1690135861
135,melito di porto salvo,37.9222,15.7714,32.94,35,13,2.57,IT,1690135861
136,weno,7.4515,151.8468,26.97,89,75,3.6,FM,1690135571
137,floro,61.5996,5.0328,19.04,63,20,6.69,NO,1690135861
138,saldanha,-33.0117,17.9442,12.38,77,29,4.87,ZA,1690135862
139,labrador city,52.9463,-66.9114,20.53,70,96,2.73,CA,1690135862
140,itaituba,-4.2761,-55.9836,37.91,22,98,1.41,BR,1690135862
141,codrington,-38.2667,141.9667,11.13,82,98,2.46,AU,1690135862
142,yemetsk,63.4721,41.7941,13.41,98,100,1.24,RU,1690135862
143,champoton,19.35,-90.7167,34.28,47,99,0.53,MX,1690135862
144,mohr,54.3528,9.7167,17.28,94,96,5.66,DE,1690135863
145,danilovka,50.3557,44.1168,17.0,80,99,0.81,RU,1690135863
146,minot,48.2325,-101.2963,29.12,48,40,4.63,US,1690135736
147,tazovsky,67.4667,78.7,16.5,81,88,3.45,RU,1690135863
148,tchibanga,-2.85,11.0333,23.09,77,82,3.06,GA,1690135863
149,mariehamn,60.0973,19.9348,15.92,77,0,5.66,AX,1690135864
150,upington,-28.4478,21.2561,11.21,17,0,2.57,ZA,1690135864
151,daigo,36.7667,140.35,18.95,89,97,0.43,JP,1690135864
152,pangody,65.85,74.4859,18.47,73,59,2.26,RU,1690135864
153,sao felix do xingu,-6.6447,-51.995,35.62,21,91,1.35,BR,1690135705
154,polyarnyy,69.1989,33.4478,9.22,86,99,6.3,RU,1690135865
155,toamasina,-18.1667,49.3833,20.0,94,40,2.06,MG,1690135865
156,carutapera,-1.195,-46.02,29.53,65,71,4.42,BR,1690135865
157,ouadda,8.0777,22.4007,22.6,88,54,0.86,CF,1690135865
158,brookings,44.3114,-96.7984,27.81,61,10,0.81,US,1690135685
159,olonkinbyen,70.9221,-8.7187,4.84,88,92,4.77,SJ,1690135865
160,chuka,-0.3332,37.6459,19.31,62,79,2.18,KE,1690135865
161,varna,43.2167,27.9167,24.05,68,24,3.6,BG,1690135647
162,utrik,11.2278,169.8474,27.95,75,63,6.93,MH,1690135866
163,stanley,54.868,-1.6985,12.51,92,40,5.14,GB,1690135866
164,holualoa,19.6228,-155.9522,27.7,81,0,3.09,US,1690135866
165,tongging,2.8969,98.5262,19.49,94,99,2.45,ID,1690135866
166,yaren,-0.5472,166.916,28.37,73,18,2.26,NR,1690135866
167,al kharijah,25.4514,30.5464,34.85,15,58,4.82,EG,1690135866
168,cukai,4.25,103.4167,25.42,92,96,1.83,MY,1690135867
169,suva,-18.1416,178.4415,19.71,100,75,1.54,FJ,1690135867
170,borba,-4.3878,-59.5939,36.7,23,76,2.08,BR,1690135867
171,naze,28.3667,129.4833,25.55,83,67,2.1,JP,1690135867
172,staszow,50.5631,21.1659,23.86,59,93,3.62,PL,1690135867
173,santiago de cao,-7.9589,-79.2392,24.07,69,61,5.66,PE,1690135867
174,enewetak,11.3474,162.3373,28.55,78,41,8.36,MH,1690135868
175,san patricio,28.017,-97.5169,37.15,38,0,2.6,US,1690135868
176,broome,42.2506,-75.833,29.27,52,40,2.57,US,1690135868
177,miandrivazo,-19.5167,45.4667,23.53,69,62,1.24,MG,1690135868
178,mont-laurier,46.5501,-75.4993,25.79,33,62,2.58,CA,1690135868
179,nemuro,43.3236,145.575,15.64,98,100,5.72,JP,1690135780
180,newman,37.3138,-121.0208,36.24,11,88,0.91,US,1690135869
181,tura,25.5198,90.2201,24.42,94,99,1.46,IN,1690135869
182,hasaki,35.7333,140.8333,22.39,82,58,2.53,JP,1690135869
183,keflavik,64.0049,-22.5624,13.95,88,75,4.12,IS,1690135869
184,punta arenas,-53.15,-70.9167,2.35,71,10,4.22,CL,1690135659
185,rongelap,11.1635,166.8941,28.62,75,76,8.83,MH,1690135869
186,iskateley,67.6803,53.1512,16.45,87,99,2.71,RU,1690135870
187,ashland,40.8167,-82.2665,28.35,55,0,4.41,US,1690135870
188,novo oriente,-5.5344,-40.7742,34.47,26,45,3.39,BR,1690135870
189,caucete,-31.6518,-68.2811,16.1,36,38,3.31,AR,1690135870
190,ulladulla,-35.35,150.4667,9.72,87,53,3.73,AU,1690135870
191,coahuayana de hidalgo,18.7,-103.6583,28.98,67,97,0.51,MX,1690135871
192,invercargill,-46.4,168.35,8.11,93,93,0.99,NZ,1690135871
193,nampula,-15.1165,39.2666,20.97,68,0,3.6,MZ,1690135871
194,belmonte,-15.8631,-38.8828,24.28,77,15,5.32,BR,1690135871
195,ilulissat,69.2167,-51.1,10.01,76,75,2.06,GL,1690135871
196,ghat,24.9647,10.1728,37.83,9,4,7.19,LY,1690135872
197,raja,8.4596,25.678,26.03,62,39,1.45,SS,1690135872
198,hun,29.1268,15.9477,37.62,13,0,5.28,LY,1690135872
199,korkuteli,37.065,30.1957,28.04,28,0,3.02,TR,1690135872
200,sarmiento,-45.5882,-69.07,2.31,64,31,0.6,AR,1690135872
201,datong,40.0936,113.2914,20.76,61,37,1.81,CN,1690135873
202,verkhneyarkeyevo,55.4505,54.3145,17.08,65,79,2.69,RU,1690135873
203,tarko-sale,64.9225,77.785,19.24,62,58,2.77,RU,1690135873
204,akureyri,65.6835,-18.0878,10.96,93,100,3.6,IS,1690135873
205,klyuchi,52.2667,79.1667,19.02,72,99,2.84,RU,1690135873
206,jashpurnagar,22.9,84.15,23.07,93,72,2.15,IN,1690135874
207,dalbandin,28.8947,64.4101,31.63,42,96,2.94,PK,1690135874
208,levuka,50.1834,-105.4011,25.9,33,9,4.75,CA,1690135874
209,wonosobo,-7.36,109.9025,18.26,93,81,0.5,ID,1690135874
210,taltal,-25.4,-70.4833,18.93,72,66,2.11,CL,1690135874
211,chemolgan,43.1897,76.5292,24.81,37,54,2.48,KZ,1690135875
212,nuuk,64.1835,-51.7216,13.34,76,20,3.09,GL,1690135875
213,lata,40.1629,-8.3327,22.26,58,49,4.94,PT,1690135875
214,santa luzia,-19.7697,-43.8514,23.5,51,44,4.31,BR,1690135875
215,sur,22.5667,59.5289,27.88,78,99,4.38,OM,1690135876
216,pangkalpinang,-2.1333,106.1333,25.49,83,16,2.92,ID,1690135876
217,mossel bay,-34.1831,22.146,10.96,72,83,5.28,ZA,1690135876
218,tymovskoye,50.8456,142.655,15.56,98,97,1.22,RU,1690135876
219,saint-joseph,-21.3667,55.6167,21.37,83,54,5.61,RE,1690135877
220,puerto maldonado,-12.6,-69.1833,33.22,49,40,3.09,PE,1690135877
221,dicle,38.3751,40.0722,29.83,24,0,3.25,TR,1690135877
222,maxixe,-23.8597,35.3472,20.9,83,20,6.17,MZ,1690135877
223,anadyr,64.75,177.4833,12.28,93,100,0.0,RU,1690135877
224,lodwar,3.1191,35.5973,31.29,36,39,4.38,KE,1690135877
225,banda aceh,5.5577,95.3222,26.79,74,72,6.52,ID,1690135835
226,port alfred,-33.5906,26.891,13.43,83,52,2.68,ZA,1690135878
227,skanor med falsterbo,55.4,12.85,16.68,92,100,9.23,SE,1690135878
228,male,4.1748,73.5089,28.43,76,64,3.73,MV,1690135878
229,tobelo,1.7284,128.0095,25.54,80,93,3.56,ID,1690135878
230,la'ie,21.6477,-157.9253,27.98,79,22,6.22,US,1690135879
231,lhokseumawe,5.1801,97.1507,25.69,90,72,1.71,ID,1690135646
232,tabas,33.5959,56.9244,34.3,12,0,4.73,IR,1690135879
233,bela,25.9333,81.9833,33.33,53,57,2.89,IN,1690135880
234,sao gabriel da cachoeira,-0.1303,-67.0892,29.5,75,68,0.98,BR,1690135881
235,westport,41.1415,-73.3579,31.72,47,0,4.63,US,1690135881
236,nagqu,31.5,92.0,5.05,93,100,1.38,CN,1690135882
237,san juan del sur,11.2529,-85.8705,30.24,68,69,8.52,NI,1690135882
238,ardmore,34.1743,-97.1436,33.59,43,0,2.57,US,1690135883
239,mu'minobod,38.1085,70.0285,26.35,21,0,1.81,TJ,1690135883
240,ilaro,6.8865,3.0205,23.01,96,100,3.4,NG,1690135883
241,tual,-5.6667,132.75,25.4,76,64,11.01,ID,1690135646
242,salinopolis,-0.6136,-47.3561,28.98,68,62,5.29,BR,1690135884
243,chui,-33.6971,-53.4616,17.61,47,85,3.46,UY,1690135884
244,qaqortoq,60.7167,-46.0333,11.98,77,100,2.19,GL,1690135884
245,bagepalli,13.7847,77.7931,22.2,87,100,8.49,IN,1690135884
246,namibe,-15.1961,12.1522,18.3,77,74,5.4,AO,1690135884
247,east ballina,-28.8667,153.5833,11.0,67,83,6.26,AU,1690135885
248,liberty,31.8335,-81.5004,32.06,66,20,2.06,US,1690135821
249,djambala,-2.5447,14.7533,24.41,57,100,1.33,CG,1690135885
250,motygino,58.1831,94.7592,16.22,94,34,0.74,RU,1690135885
251,kayangel,8.0823,134.7173,28.1,80,100,5.9,PW,1690135885
252,presque isle,46.6811,-68.0159,25.01,71,100,0.89,US,1690135885
253,saudarkrokur,65.7461,-19.6394,10.33,95,100,0.37,IS,1690135814
254,gulf shores,30.246,-87.7008,30.77,70,100,2.06,US,1690135672
255,bilibino,68.0546,166.4372,16.45,69,100,0.92,RU,1690135886
256,kirakira,-10.4544,161.9205,25.2,89,100,3.71,SB,1690135886
257,new norfolk,-42.7826,147.0587,9.84,87,95,1.66,AU,1690135886
258,katsuren-haebaru,26.3369,127.8719,29.01,83,75,3.09,JP,1690135886
259,waingapu,-9.6567,120.2641,23.19,81,83,6.62,ID,1690135887
260,ulanhot,46.0833,122.0833,17.43,89,100,3.18,CN,1690135887
261,ancud,-41.8697,-73.8203,6.38,79,73,3.37,CL,1690135887
262,xinzhi,36.4989,111.7047,29.02,37,45,1.41,CN,1690135887
263,snezhinsk,56.085,60.7314,16.09,65,100,2.68,RU,1690135887
264,dudinka,69.4058,86.1778,11.46,81,45,3.85,RU,1690135887
265,obo,5.3998,26.4869,23.92,72,49,1.59,CF,1690135887
266,quellon,-43.1167,-73.6167,8.14,76,75,2.57,CL,1690135888
267,balqash,46.8481,74.995,24.93,32,13,1.54,KZ,1690135888
268,ukwa,21.9667,80.4667,22.76,96,59,1.09,IN,1690135888
269,sacaba,20.5833,-89.9833,37.7,26,93,4.05,MX,1690135888
270,phalodi,27.1333,72.3667,34.19,52,99,3.93,IN,1690135888
271,hamilton,39.1834,-84.5333,30.4,52,40,3.6,US,1690135888
272,antofagasta,-23.65,-70.4,18.6,70,40,3.22,CL,1690135649
273,amal,59.051,12.7049,16.6,64,64,1.35,SE,1690135889
274,talcahuano,-36.7167,-73.1167,10.82,82,0,2.06,CL,1690135889
275,broken hill,-31.95,141.4333,5.6,84,4,5.25,AU,1690135889
276,qulsary,46.9531,54.0198,30.24,25,0,6.43,KZ,1690135889
277,ust-nera,64.5667,143.2,11.92,83,49,2.7,RU,1690135889
278,katima mulilo,-17.5,24.2667,19.35,28,0,1.47,NA,1690135890
279,catabola,-12.15,17.2833,19.66,26,16,1.0,AO,1690135890
280,hadibu,12.65,54.0333,25.28,80,100,9.31,YE,1690135890
281,sandnessjoen,66.0217,12.6316,14.29,88,75,3.6,NO,1690135890
282,qinggang,46.6833,126.0833,18.28,98,91,5.6,CN,1690135890
283,black point,-34.6187,137.8972,11.66,83,93,2.47,AU,1690135890
284,sierra grande,-41.606,-65.3557,6.87,41,21,7.14,AR,1690135890
285,tazacorte,28.629,-17.9293,25.64,64,20,7.72,ES,1690135891
286,corumba,-19.0092,-57.6533,30.95,40,0,4.12,BR,1690135618
287,ishikari,43.2397,141.3539,21.81,92,100,4.96,JP,1690135627
288,singleton,-32.5667,151.1833,9.95,97,91,0.82,AU,1690135891
289,okhotsk,59.3833,143.3,13.63,81,17,2.09,RU,1690135891
290,wynyard,-41.0,145.7167,8.94,93,56,2.49,AU,1690135891
291,praia da vitoria,38.7333,-27.0667,22.5,81,17,5.72,PT,1690135891
292,mammoth lakes,37.6485,-118.9721,29.03,17,0,3.09,US,1690135662
293,businga,3.3333,20.8833,25.79,73,91,0.82,CD,1690135892
294,lorengau,-2.0226,147.2712,26.32,82,74,2.77,PG,1690135892
295,hood river,45.7054,-121.5215,32.11,52,0,3.6,US,1690135892
296,nyurba,63.2842,118.3319,18.29,73,16,2.31,RU,1690135892
297,alesund,62.4723,6.1549,17.51,77,20,7.2,NO,1690135892
298,ocean city,39.2776,-74.5746,31.77,52,3,4.25,US,1690135820
299,smithers,54.7804,-127.1743,13.18,71,40,2.06,CA,1690135893
300,pathein,16.7833,94.7333,25.91,89,90,1.96,MM,1690135893
301,kalianget,-7.05,113.9333,25.68,78,32,4.99,ID,1690135693
302,luza,60.6308,47.2512,13.66,90,87,2.46,RU,1690135893
303,kapa'a,22.0752,-159.319,26.18,89,100,4.12,US,1690135893
304,xichang,27.8964,102.2634,20.93,83,88,0.81,CN,1690135893
305,zambezi,-13.5432,23.1047,19.42,25,1,2.69,ZM,1690135894
306,bandarbeyla,9.4942,50.8122,24.37,78,85,14.84,SO,1690135894
307,pariaman,-0.619,100.12,24.03,80,100,1.04,ID,1690135894
308,miri,4.4148,114.0089,26.06,85,99,1.07,MY,1690135894
309,mareeba,-17.0,145.4333,16.4,72,20,1.28,AU,1690135894
310,leven,56.2,-3.0,15.34,79,100,2.24,GB,1690135894
311,palikir - national government center,6.9248,158.1611,24.41,100,100,0.0,FM,1690135895
312,bonthe,7.5264,-12.505,26.19,84,100,4.02,SL,1690135895
313,turan,16.0678,108.2208,27.99,83,20,0.51,VN,1690135895
314,ayr,55.4627,-4.6339,16.99,48,40,5.66,GB,1690135895
315,esperanza,19.5847,-70.9849,34.32,27,39,4.7,DO,1690135895
316,sao jose da coroa grande,-8.8978,-35.1478,25.27,75,32,5.97,BR,1690135895
317,panjab,34.388,67.0233,18.29,32,83,2.47,AF,1690135896
318,puerto santa,-8.9906,-78.6456,23.0,72,57,5.55,PE,1690135896
319,conception bay south,47.4999,-52.9981,27.53,76,56,5.73,CA,1690135896
320,champerico,14.3,-91.9167,30.77,66,77,3.06,GT,1690135896
321,alice springs,-23.7,133.8833,2.75,75,0,3.09,AU,1690135786
322,noosa heads,-26.3833,153.15,14.08,78,97,6.33,AU,1690135896
323,murun-kuren,49.6342,100.1625,11.96,75,4,1.59,MN,1690135896
324,port augusta,-32.5,137.7667,7.86,87,1,3.15,AU,1690135897
325,merritt island,28.5392,-80.672,36.16,63,75,6.69,US,1690135897
326,colac,-38.3333,143.5833,8.43,95,70,1.76,AU,1690135897
327,ketchikan,55.3422,-131.6461,16.26,82,75,2.57,US,1690135897
328,pitkyaranta,61.5734,31.4792,14.82,83,100,4.39,RU,1690135897
329,brezina,33.0989,1.2608,38.25,7,0,5.35,DZ,1690135898
330,enid,36.3956,-97.8784,31.09,54,0,5.66,US,1690135740
331,puerto baquerizo moreno,-0.9,-89.6,26.55,78,75,3.6,EC,1690135898
332,laguna,38.421,-121.4238,36.16,41,0,4.12,US,1690135898
333,machico,32.7,-16.7667,25.56,74,40,5.14,PT,1690135898
334,kerikeri,-35.2268,173.9474,10.02,91,53,3.29,NZ,1690135898
335,ardestan,33.3761,52.3694,33.07,14,22,4.49,IR,1690135898
336,armacao de buzios,-22.7469,-41.8817,25.03,78,18,8.91,BR,1690135899
337,shingu,33.7333,135.9833,23.08,91,0,1.57,JP,1690135706
338,sisimiut,66.9395,-53.6735,7.14,88,96,2.1,GL,1690135899
339,ta`u,-14.2336,-169.5144,26.43,84,24,6.28,AS,1690135899
340,darwin,-12.4611,130.8418,18.99,27,50,5.66,AU,1690135637
341,pecanha,-18.5486,-42.5569,20.96,69,90,2.8,BR,1690135899
342,caconda,-13.7333,15.0667,19.61,25,8,1.95,AO,1690135899
343,tan-tan,28.438,-11.1032,22.97,78,75,11.32,MA,1690135900
344,isla del bosque,22.7333,-105.85,32.37,49,82,3.38,MX,1690135900
345,chibougamau,49.9168,-74.3659,24.79,29,0,3.22,CA,1690135900
346,kapuskasing,49.4169,-82.4331,27.05,47,75,5.66,CA,1690135900
347,gorontalo,0.5412,123.0595,24.16,89,85,2.26,ID,1690135900
348,atlanta,33.749,-84.388,31.97,49,0,2.06,US,1690135623
349,talnakh,69.4865,88.3972,11.23,86,42,1.01,RU,1690135900
350,saint-francois,46.4154,3.9054,29.69,39,0,3.6,FR,1690135901
351,ar ruways,24.1103,52.7306,32.23,78,70,5.48,AE,1690135901
352,al jawf,29.5,38.75,34.5,13,4,5.52,SA,1690135901
353,juan l. lacaze,-34.4333,-57.4167,16.77,66,29,2.96,UY,1690135901
354,kanniyakumari,8.0833,77.5667,26.38,79,97,7.66,IN,1690135901
355,aykhal,66.0,111.5,17.13,68,77,0.54,RU,1690135901
356,talara,-4.5772,-81.2719,29.42,54,0,6.69,PE,1690135902
357,noumea,-22.2763,166.4572,18.89,99,4,2.19,NC,1690135734
358,bozeman,45.6796,-111.0386,28.45,33,0,2.06,US,1690135813
359,taesal-li,36.9714,126.4542,23.07,97,87,3.57,KR,1690135902
360,salta,-24.7859,-65.4117,13.33,62,100,1.03,AR,1690135902
361,happy valley-goose bay,53.3168,-60.3315,25.17,65,75,1.54,CA,1690135903
362,borogontsy,62.6683,131.1683,14.5,84,3,1.17,RU,1690135903
363,nago,26.5881,127.9761,28.24,83,69,3.36,JP,1690135903
364,sao joao da barra,-21.6403,-41.0511,23.05,76,60,6.6,BR,1690135904
365,aswan,24.0934,32.907,36.2,12,63,0.78,EG,1690135904
366,vilyuysk,63.7553,121.6247,18.74,74,76,2.49,RU,1690135904
367,radhanpur,23.8333,71.6,28.72,83,91,3.05,IN,1690135905
368,east end,34.5507,-92.341,33.14,31,0,0.23,US,1690135905
369,prien,30.1819,-93.2738,33.9,68,40,3.09,US,1690135905
370,san luis,-33.295,-66.3356,14.95,23,87,6.96,AR,1690135905
371,cinisi,38.1562,13.1073,31.59,70,0,5.14,IT,1690135906
372,bitkine,11.9801,18.2138,28.72,61,80,1.57,TD,1690135906
373,yarmouth,41.7057,-70.2286,30.54,62,0,4.63,US,1690135906
374,ribeira grande,38.5167,-28.7,25.43,69,40,7.2,PT,1690135906
375,palmer,42.1584,-72.3287,30.08,40,0,0.89,US,1690135852
376,baglung,28.2719,83.5898,22.23,94,66,1.04,NP,1690135907
377,south cleveland,35.1412,-84.8722,30.47,63,20,2.57,US,1690135907
378,afaahiti,-17.75,-149.2833,22.93,73,98,5.09,PF,1690135907
379,panama city beach,30.1766,-85.8055,29.07,80,75,2.24,US,1690135907
380,northam,51.0333,-4.2167,18.55,89,59,5.25,GB,1690135907
381,velky meder,47.858,17.7688,27.3,62,29,3.31,SK,1690135908
382,bojia,26.4672,111.9681,27.68,82,67,1.11,CN,1690135908
383,kakonko,-3.2828,30.9642,22.47,40,9,0.98,TZ,1690135908
384,rio grande,-32.035,-52.0986,18.06,76,85,5.66,BR,1690135908
385,djelfa,34.6728,3.263,34.2,8,0,7.09,DZ,1690135908
386,mili,6.0815,171.735,28.24,79,89,8.36,MH,1690135908
387,shalqar,47.8333,59.6,30.04,25,0,5.58,KZ,1690135908
388,changji,44.0167,87.3167,32.44,19,20,2.0,CN,1690135909
389,camara de lobos,32.6333,-16.9667,25.56,80,40,5.14,PT,1690135909
390,kamaishi,39.2667,141.8833,21.2,90,100,3.72,JP,1690135909
391,yamba,-5.9,22.3,27.71,29,1,1.7,CD,1690135909
392,three points,32.0767,-111.3137,39.61,24,84,1.87,US,1690135909
393,shache,38.4167,77.2406,30.95,27,57,4.5,CN,1690135909
394,mbekenyera,-10.0,38.9833,22.67,54,64,1.52,TZ,1690135910
395,cloquet,46.7216,-92.4594,26.04,57,0,5.14,US,1690135910
396,khonsa,27.0167,95.5667,20.5,98,80,1.56,IN,1690135910
397,pyin oo lwin,22.0333,96.4667,21.32,87,100,0.86,MM,1690135910
398,herne bay,51.373,1.1286,22.41,70,100,2.24,GB,1690135910
399,tsiombe,-25.3,45.4833,19.63,82,0,1.86,MG,1690135910
400,constantia,44.1833,28.65,22.38,63,53,3.48,RO,1690135910
401,hotan,37.0997,79.9269,30.86,25,99,3.37,CN,1690135911
402,portland,45.5234,-122.6762,27.19,51,20,3.6,US,1690135911
403,murzuq,25.9155,13.9184,35.81,9,0,4.59,LY,1690135911
404,yamada,39.4667,141.95,21.23,92,100,2.77,JP,1690135911
405,dwarka,22.2394,68.9678,27.47,85,97,3.76,IN,1690135911
406,le vauclin,14.5452,-60.8388,31.03,66,75,5.66,MQ,1690135911
407,semporna,4.4818,118.6112,25.82,86,90,1.79,MY,1690135912
408,minas de marcona,-15.2119,-75.1103,17.87,61,42,4.73,PE,1690135912
409,nahiyat ash shinafiyah,31.5874,44.6602,40.17,7,83,4.75,IQ,1690135912
410,cidade velha,14.9167,-23.6167,29.26,58,40,6.69,CV,1690135912
411,guerrero negro,27.9769,-114.0611,25.27,55,6,4.5,MX,1690135912
412,al bayda',32.7627,21.7551,27.58,45,0,3.04,LY,1690135912
413,la paz,-16.5,-68.15,17.99,13,20,4.63,BO,1690135913
414,korla,41.7597,86.1469,31.13,26,97,3.09,CN,1690135913
415,quelimane,-17.8786,36.8883,20.97,88,0,2.06,MZ,1690135913
416,pikalevo,59.5183,34.1664,10.96,90,43,1.74,RU,1690135913
417,robore,-18.3333,-59.75,34.1,20,0,4.25,BO,1690135913
418,homer,59.6425,-151.5483,19.47,87,0,2.06,US,1690135913
419,tralee,52.2704,-9.7026,15.49,90,100,3.82,IE,1690135914
420,heniches'k,46.1759,34.8034,25.63,46,68,6.53,UA,1690135914
421,naha,26.2125,127.6811,28.95,79,40,4.12,JP,1690135914
422,huarmey,-10.0681,-78.1522,23.01,69,55,5.01,PE,1690135914
423,kouvola,60.8667,26.7,16.24,78,0,3.6,FI,1690135914
424,mont-dore,-22.2833,166.5833,18.89,99,3,1.79,NC,1690135671
425,belel,7.05,14.4333,17.03,94,98,1.2,CM,1690135914
426,sao mateus do sul,-25.8742,-50.3828,23.63,50,3,1.38,BR,1690135883
427,xilin hot,43.9667,116.0333,15.67,59,4,1.7,CN,1690135915
428,san antonio de pale,-1.4014,5.6325,22.85,80,46,3.96,GQ,1690135915
429,ust'-barguzin,53.45,108.9833,17.27,59,73,2.75,RU,1690135915
430,acajutla,13.5928,-89.8275,31.73,62,99,3.72,SV,1690135915
431,fort st. john,56.2499,-120.8529,17.94,52,75,5.14,CA,1690135915
432,cabedelo,-6.9811,-34.8339,27.37,74,64,8.41,BR,1690135915
433,port lincoln,-34.7333,135.8667,12.63,74,100,3.05,AU,1690135887
434,nelson bay,-32.7167,152.15,12.22,99,52,4.47,AU,1690135916
435,asubulaq,49.5583,83.0558,17.94,43,98,1.51,KZ,1690135916
436,inari,68.906,27.0288,11.11,70,22,5.25,FI,1690135916
437,ad dabbah,18.05,30.95,36.82,11,34,4.45,SD,1690135916
438,kimbe,-5.5502,150.1429,25.16,84,77,3.51,PG,1690135916
439,saipan,15.1355,145.701,28.39,100,0,4.12,MP,1690135916
440,ola,59.5833,151.2833,11.75,91,100,1.1,RU,1690135917
441,dunedin,-45.8742,170.5036,9.33,95,100,0.89,NZ,1690135917
442,mpulungu,-8.7623,31.1141,23.92,47,29,2.11,ZM,1690135917
443,chernyshevskiy,63.0128,112.4714,18.2,65,7,1.66,RU,1690135917
444,jinji,23.2281,110.8261,26.79,81,73,1.28,CN,1690135917
445,masterton,-40.9597,175.6575,7.16,98,100,1.23,NZ,1690135917
446,uturoa,-16.7333,-151.4333,25.48,75,66,6.13,PF,1690135918
447,kalmunai,7.4167,81.8167,27.15,73,100,2.63,LK,1690135918
448,baissa,7.2333,10.6333,23.67,98,98,1.12,NG,1690135918
449,urengoy,65.9667,78.3667,21.18,58,63,2.33,RU,1690135918
450,volchansk,59.9378,60.081,14.98,77,99,1.89,RU,1690135918
451,russellville,35.2784,-93.1338,33.32,52,0,2.57,US,1690135918
452,massenya,11.4039,16.1705,28.88,58,99,2.32,TD,1690135918
453,sassandra,4.95,-6.0833,25.01,87,75,3.56,CI,1690135919
454,carolina,18.3808,-65.9574,34.54,69,75,8.75,PR,1690135896
455,yuzhno-kurilsk,44.0306,145.8556,15.53,100,99,2.69,RU,1690135919
456,hobyo,5.3505,48.5268,25.56,78,32,12.8,SO,1690135919
457,abou el hassan,36.4166,1.1962,40.69,42,5,2.31,DZ,1690135919
458,acapulco de juarez,16.8634,-99.8901,32.9,58,40,1.54,MX,1690135714
459,debark',13.1561,37.8981,11.77,86,99,2.32,ET,1690135919
460,breckenridge,32.7557,-98.9023,35.11,31,0,0.0,US,1690135920
461,darhan,49.4867,105.9228,16.48,91,99,2.13,MN,1690135920
462,vilyuchinsk,52.9306,158.4028,15.7,90,44,4.96,RU,1690135920
463,mar del plata,-38.0023,-57.5575,12.01,78,75,7.2,AR,1690135920
464,hadithah,34.1397,42.3781,37.52,16,0,6.44,IQ,1690135920
465,sola,-13.8833,167.55,24.74,84,100,10.07,VU,1690135920
466,verkhnevilyuysk,63.4453,120.3167,18.18,76,29,1.93,RU,1690135920
467,taulaga,-11.0553,-171.0883,28.15,74,1,3.88,AS,1690135921
468,mana,5.6592,-53.7767,29.27,66,14,4.05,GF,1690135921
469,geraldton,-28.7667,114.6,8.23,66,0,4.12,AU,1690135921
470,pontal do parana,-25.6533,-48.5128,26.1,70,12,1.99,BR,1690135921
471,bagan,54.1001,77.6646,18.51,78,97,2.58,RU,1690135921
472,malango,-2.9627,119.9001,18.55,99,60,0.24,ID,1690135921
473,mangalia,43.8,28.5833,23.14,68,26,4.27,RO,1690135922
474,vila velha,-20.3297,-40.2925,23.97,83,40,6.17,BR,1690135891
475,amos,48.5669,-78.1162,26.18,32,26,2.2,CA,1690135922
476,kualakapuas,-3.0091,114.3876,22.82,95,47,1.03,ID,1690135922
477,dalhart,36.0595,-102.5133,33.6,27,0,8.23,US,1690135923
478,ulsteinvik,62.3432,5.8487,17.5,79,20,4.92,NO,1690135923
479,morant bay,17.8815,-76.4093,34.28,69,12,6.42,JM,1690135923
480,odesskoye,54.2111,72.9651,17.09,83,80,3.19,RU,1690135923
481,osakarovka,50.565,72.5692,21.05,40,77,2.07,KZ,1690135923
482,mukalla,14.5425,49.1242,31.89,60,91,5.02,YE,1690135923
483,likhoslavl',57.1275,35.464,13.2,95,59,3.82,RU,1690135924
484,san pedro pochutla,15.7333,-96.4667,34.84,52,68,3.56,MX,1690135924
485,q'vareli,41.9549,45.8172,26.25,46,0,2.91,GE,1690135925
486,san juan colorado,16.4586,-97.9536,32.23,49,67,2.05,MX,1690135925
487,urzhar,47.093,81.6294,22.49,28,22,5.46,KZ,1690135926
488,touros,-5.1989,-35.4608,28.92,58,50,8.81,BR,1690135842
489,moyale,3.5167,39.0584,23.34,54,96,7.86,KE,1690135926
490,persembe,41.0656,37.7714,24.68,86,0,2.1,TR,1690135927
491,tsengel,49.4783,100.8894,12.39,82,5,2.13,MN,1690135927
492,taoudenni,22.6783,-3.9836,44.01,12,14,3.47,ML,1690135927
493,es castell,39.8795,4.2854,28.38,89,20,2.57,ES,1690135927
494,canmore,51.0834,-115.3521,23.7,25,50,1.29,CA,1690135649
495,bintulu,3.1667,113.0333,25.66,88,99,0.31,MY,1690135928
496,porto novo,6.4965,2.6036,23.86,93,100,3.64,BJ,1690135928
497,tezu,27.9167,96.1667,24.66,96,58,1.41,IN,1690135928
498,semera,11.501,41.201,35.89,28,93,4.45,ET,1690135929
499,crane,31.3974,-102.3501,35.06,26,77,2.84,US,1690135774
500,south grafton,-29.7,152.95,9.15,93,65,1.93,AU,1690135791
501,rosarito,32.3333,-117.0333,24.03,77,98,3.15,MX,1690135806
502,san jacinto,33.7839,-116.9586,35.75,30,85,1.27,US,1690135929
503,jayapura,-2.5333,140.7,23.66,92,100,3.56,ID,1690135929
504,jatai,-17.8814,-51.7144,29.57,25,0,2.62,BR,1690135930
505,luderitz,-26.6481,15.1594,15.22,48,92,7.87,NA,1690135930
506,livramento do brumado,-13.6431,-41.8406,26.51,46,82,4.71,BR,1690135930
507,tadine,-21.55,167.8833,18.53,56,61,3.47,NC,1690135930
508,sant'antioco,39.0664,8.4522,32.37,48,63,2.24,IT,1690135931
509,selkirk,50.1436,-96.8845,22.84,73,85,2.01,CA,1690135931
510,tianpeng,30.9866,103.9393,23.12,89,100,1.21,CN,1690135931
511,monrovia,6.3005,-10.7969,27.87,79,100,5.11,LR,1690135931
512,tamiahua,21.2667,-97.45,32.66,55,90,3.74,MX,1690135931
513,pawayan,28.0667,80.1,31.71,59,100,3.16,IN,1690135931
514,ajaccio,42.0,8.9167,27.03,51,0,1.54,FR,1690135792
515,kattivakkam,13.2167,80.3167,28.05,87,100,6.43,IN,1690135932
516,collinsville,38.6703,-89.9846,33.68,55,20,3.6,US,1690135653
517,eydhafushi,5.1033,73.0708,28.4,79,67,4.95,MV,1690135806
518,nha trang,12.25,109.1833,26.0,86,99,2.02,VN,1690135932
519,plymouth,41.8334,-70.8328,30.98,50,75,3.09,US,1690135932
520,tromso,69.6496,18.957,17.43,67,75,2.57,NO,1690135933
521,tsuruoka,38.7217,139.8217,23.39,83,100,2.51,JP,1690135933
522,augusto correa,-1.0217,-46.635,29.31,64,75,3.12,BR,1690135872
523,frutal,-20.0247,-48.9406,29.7,26,0,2.18,BR,1690135933
524,kraksaan,-7.7585,113.3962,23.89,81,61,2.03,ID,1690135933
525,along,28.1667,94.7667,23.73,98,90,0.62,IN,1690135933
526,santa terezinha,-29.9002,-50.0904,23.7,66,72,0.74,BR,1690135933
527,nairn,57.5809,-3.8797,13.98,77,40,3.09,GB,1690135934
528,santana,-0.0583,-51.1817,33.1,52,20,4.12,BR,1690135934
529,howrah,22.5892,88.3103,28.0,94,40,1.54,IN,1690135651
530,great bend,38.3645,-98.7648,33.67,60,0,3.09,US,1690135934
531,zouerate,22.7187,-12.4521,38.55,15,0,5.61,MR,1690135934
532,pyetrykaw,52.1289,28.4921,16.78,60,74,1.88,BY,1690135934
533,vriddhachalam,11.5,79.3333,26.39,81,100,5.56,IN,1690135935
534,farim,12.4839,-15.2217,29.11,73,88,3.85,GW,1690135935
535,usinsk,65.9939,57.5281,17.8,63,100,2.04,RU,1690135935
536,ulaangom,49.9811,92.0667,17.36,47,3,1.37,MN,1690135935
537,solnechnyy,50.7214,136.6319,17.98,87,97,1.05,RU,1690135935
538,fortuna,40.5982,-124.1573,18.14,95,100,4.12,US,1690135936
539,margate,51.3813,1.3862,21.04,71,100,3.13,GB,1690135936
540,hammerfest,70.6634,23.6821,14.25,62,0,5.14,NO,1690135936
541,lucapa,-8.4192,20.7447,24.77,25,18,1.05,AO,1690135936
542,kampene,-3.6,26.6667,26.37,40,44,0.56,CD,1690135936
543,port-vila,-17.7338,168.3219,21.51,75,100,5.63,VU,1690135936
544,si sa ket,14.8333,104.3333,24.75,90,100,2.4,TH,1690135936
545,creel,27.75,-107.6333,26.44,26,25,6.59,MX,1690135937
546,dryden,49.7833,-92.7503,20.16,60,75,3.09,CA,1690135937
547,lamu,-2.2717,40.902,24.12,83,45,6.46,KE,1690135937
548,kingston,17.997,-76.7936,34.02,69,2,2.68,JM,1690135904
549,rangkasbitung,-6.3591,106.2494,27.94,88,85,0.92,ID,1690135938
550,namtsy,62.7161,129.6658,18.39,63,19,2.48,RU,1690135938
551,folkston,30.8305,-82.0098,31.03,45,81,2.84,US,1690135714
552,umba,66.6871,34.3429,10.83,82,100,5.25,RU,1690135938
553,muntok,-2.0667,105.1833,25.84,83,42,3.05,ID,1690135647
554,greymouth,-42.4667,171.2,8.16,87,98,3.32,NZ,1690135938
555,martuk,50.7475,56.5056,21.26,45,100,2.59,KZ,1690135938
556,jinzhou,41.1078,121.1417,21.45,93,35,0.68,CN,1690135939
557,khromtau,50.2503,58.4347,20.05,47,42,4.44,KZ,1690135939
558,xining,36.6167,101.7667,12.76,84,80,1.26,CN,1690135939
559,richards bay,-28.783,32.0377,17.95,79,96,2.75,ZA,1690135939
560,codo,-4.4553,-43.8856,35.93,26,58,2.48,BR,1690135939
561,kotido,2.9806,34.1331,24.19,54,97,1.39,UG,1690135939
562,alo,7.4178,6.7371,24.87,92,93,2.36,NG,1690135940
563,jijel,36.8205,5.7667,39.97,13,0,1.03,DZ,1690135940
564,burhar,23.2167,81.5333,25.94,83,41,2.51,IN,1690135940
565,la sarre,48.8002,-79.1996,26.15,35,24,3.09,CA,1690135699
566,choma,-16.8065,26.9531,15.37,55,0,2.63,ZM,1690135940
567,tonghae,37.5439,129.1069,24.54,94,100,2.26,KR,1690135759
568,rondonopolis,-16.4708,-54.6356,34.97,20,0,3.25,BR,1690135941
569,east london,-33.0153,27.9116,13.52,82,0,5.14,ZA,1690135941
570,benoy,8.9833,16.3199,24.35,83,96,1.61,TD,1690135941
571,lazaro cardenas,17.9583,-102.2,33.72,49,37,2.55,MX,1690135941
572,neiafu,-18.65,-173.9833,22.38,83,20,1.54,TO,1690135941
573,oriximina,-1.7656,-55.8661,34.67,35,19,3.94,BR,1690135942
574,san sebastian de la gomera,28.0916,-17.1133,27.99,65,0,4.12,ES,1690135942
575,kyshtovka,56.555,76.6271,17.4,75,96,2.34,RU,1690135942
576,novyy urengoy,66.0833,76.6333,19.47,66,75,2.32,RU,1690135942
577,huazhou,21.6333,110.5833,25.92,84,100,2.0,CN,1690135942
578,tolanaro,-25.0319,46.9987,20.03,92,0,4.12,MG,1690135942
